城市,全部企业,企业密度
北京市,4899,2985.276535689867
石家庄市,152,108.1081081081081
天津市,765,639.3113822497074
长治市,30,21.49767108563239
唐山市,80,59.38242280285035
巴彦淖尔市,4,0.6140620202640467
锡林郭勒盟,3,0.15008705048928378
赤峰市,14,1.5551926772641937
邢台市,9,7.238799967827555
太原市,268,383.51459645105894
衡水市,12,13.57926898268643
临汾市,18,8.866121564377893
运城市,22,15.51152788549672
阿拉善盟,3,0.12092873266688166
晋中市,28,17.08150317227916
吕梁市,9,4.257332071901608
包头市,54,19.44684528954192
保定市,56,25.242280820374123
承德市,14,3.5452013167890604
呼伦贝尔市,10,0.3952569169960474
廊坊市,43,66.98862751207353
乌兰察布市,4,0.7345379756133391
鄂尔多斯市,48,5.524734697635874
秦皇岛市,31,39.728309624503396
沧州市,25,17.477628635346754
朔州市,12,11.294117647058824
阳泉市,19,41.67580609782847
乌海市,12,71.8993409227082
邯郸市,22,18.234562784915042
忻州市,3,1.1927480916030533
兴安盟,3,0.5441584589432442
呼和浩特市,100,58.18689631095077
大同市,15,10.671599317017645
通辽市,10,1.6989177893681726
张家口市,14,3.8046579884229694
晋城市,22,23.342175066312997
沈阳市,393,302.7734976887519
长春市,281,113.56288393145812
大连市,294,222.10470650449497
伊春市,1,0.3048780487804878
朝阳市,9,4.568991775814804
铁岭市,5,3.850596842510589
吉林市,49,17.682508751037492
葫芦岛市,10,9.607070804111824
四平市,6,5.8582308142940835
阜新市,6,5.810012588360609
佳木斯市,10,3.0797659377887276
牡丹江市,16,4.120843742756329
齐齐哈尔市,7,1.656608685362679
大庆市,42,19.80664937514737
抚顺市,6,5.3233963268565345
锦州市,16,15.936254980079681
双鸭山市,1,0.453494172599882
鞍山市,46,49.70286331712588
白山市,5,2.856326763781776
本溪市,11,13.073449013548847
松原市,7,3.1818181818181817
辽阳市,11,23.192072527935906
鸡西市,6,2.6673779674579885
丹东市,28,18.31262262916939
哈尔滨市,204,38.44124519484435
辽源市,4,7.782101167315175
绥化市,2,0.5735095919479253
延边朝鲜族自治州,14,3.2310923400032308
白城市,3,1.1646414845296789
鹤岗市,2,1.3637913399249912
上海市,2411,3802.5392319217726
黑河市,6,0.8973707038377553
营口市,15,27.7788066224675
盘锦市,21,51.660516605166045
通化市,5,3.2026646169613113
南京市,951,1443.684903245786
苏州市,803,927.5387764342776
徐州市,139,118.14704632384189
无锡市,363,784.447623534293
南通市,140,132.71400132714
连云港市,47,61.72028890347997
常州市,154,352.24153705397987
湖州市,72,123.71134020618555
宿迁市,37,43.40685124354763
杭州市,1389,824.1577303799729
扬州市,118,179.0263092816038
镇江市,80,208.33333333333334
泰州市,67,115.77674097114222
温州市,274,227.10319104848733
嘉兴市,142,336.25384797537293
盐城市,85,50.08248880509073
金华市,122,111.49698409797111
淮安市,35,34.89531405782652
绍兴市,87,105.08515521198211
舟山市,19,130.58419243986253
宁波市,373,398.2668451927163
衢州市,31,35.04804974561899
丽水市,39,22.575976845151953
马鞍山市,30,74.09236848604593
安庆市,29,21.42118481311863
滁州市,19,14.057413435927788
台州市,71,70.73122135883642
淮北市,11,40.13133892739876
合肥市,472,412.40716470074267
淮南市,19,34.34376299188403
铜陵市,12,39.8936170212766
芜湖市,32,53.10321938267507
蚌埠市,18,30.247017308015455
黄山市,7,7.137758743754461
阜阳市,23,22.731765170982406
南平市,19,7.229832572298325
亳州市,5,5.867855885459453
宿州市,17,17.10433645235939
池州市,10,11.906179307060363
龙岩市,46,24.174900147151565
莆田市,26,62.938755749213264
厦门市,896,4686.192468619247
三明市,26,11.321576311778793
六安市,20,12.94414600996699
宁德市,37,27.546158427635493
福州市,746,608.9298832748347
宣城市,12,9.745797124989847
宜春市,29,15.533772564143767
九江市,30,15.724918754586433
赣州市,38,9.653735741686354
枣庄市,40,87.64241893076249
抚州市,12,6.383657835939993
萍乡市,15,39.15426781519186
南昌市,208,289.08964558721334
景德镇市,4,7.601672367920942
漳州市,90,69.86346350449105
吉安市,15,5.935657472992759
上饶市,26,11.435105774728415
青岛市,629,556.9822013636766
泉州市,186,164.79135288384867
新余市,10,31.645569620253163
鹰潭市,5,14.044943820224718
潍坊市,93,57.61010964504739
日照市,46,85.83690987124463
济宁市,101,90.2833646196478
威海市,53,91.42659996549939
东营市,72,87.34683974281208
济南市,721,703.8266302225693
泰安市,69,88.90606880556629
烟台市,176,48.41549295774647
淄博市,113,189.43839061190275
鹤壁市,7,32.71028037383177
聊城市,38,44.0426518312471
平顶山市,19,24.020227560050568
新乡市,40,48.24508503196237
临沂市,97,56.424873480309465
南阳市,37,13.956470898872166
漯河市,8,30.569354222392054
洛阳市,52,34.129692832764505
濮阳市,12,28.09646452821353
许昌市,15,30.12653143201446
三门峡市,10,10.064412238325282
德州市,37,35.721181695307976
郑州市,534,705.6789979886826
开封市,14,22.435897435897434
焦作市,18,45.31722054380665
菏泽市,23,18.92225421637186
滨州市,38,41.43044047099869
安阳市,20,27.203482045701847
荆门市,14,11.346138260799092
黄冈市,21,12.029558343357966
荆州市,28,19.859564508121142
湘潭市,23,45.94486616060727
襄阳市,54,27.372262773722625
潜江市,4,19.96007984031936
商丘市,11,10.276532137518684
仙桃市,4,15.760441292356184
株洲市,48,39.1453270265862
神农架林区,1,3.093322444838327
黄石市,26,56.95509309967141
孝感市,21,23.584905660377355
天门市,3,11.441647597254006
鄂州市,12,75.18796992481202
衡阳市,23,15.033662330871298
周口市,9,7.524454477050413
邵阳市,8,3.8417210910487896
十堰市,48,20.282261472154143
宜昌市,90,42.68639726807057
咸宁市,15,15.382201562216387
济源市,9,46.60797514241325
驻马店市,4,2.6519923092223032
恩施土家族苗族自治州,25,10.416666666666668
随州市,7,7.281048470979821
武汉市,898,1047.945245444414
信阳市,15,7.929794882639035
揭阳市,20,37.98670465337131
阳江市,6,7.54242614707731
云浮市,5,6.422607578676942
韶关市,26,14.12045837180253
怀化市,11,3.989409930003989
河源市,12,7.665772326561901
益阳市,13,10.551948051948052
肇庆市,30,20.146397152642535
郴州市,15,7.75514424568297
清远市,17,8.93044757301954
常德市,15,8.252186829509819
珠海市,383,2205.6367552376673
岳阳市,25,16.82595234890295
张家界市,10,10.488777008600797
汕头市,76,345.6053550640279
湛江市,59,44.484656563371786
娄底市,24,29.593094944512945
潮州市,14,44.50095359186268
江门市,50,52.609427609427605
北海市,22,55.15166708448232
茂名市,18,15.752165922814386
长沙市,519,439.0862944162436
梅州市,23,14.497768919430856
永州市,9,4.043308324722584
湘西土家族苗族自治州,3,1.9392372333548802
汕尾市,5,10.283833813245577
梧州市,8,6.363347120585427
佛山市,298,784.6813351168596
惠州市,120,105.76414595452141
东莞市,306,1243.861988228025
深圳市,1691,8248.780487804877
中山市,107,599.8867503518027
广州市,2594,3489.1854083718927
南宁市,377,170.59595456807997
柳州市,57,30.650104855621873
桂林市,52,18.794954277659304
贵港市,13,12.261837389171854
定安县,1,8.357989402069437
百色市,16,4.419645323462792
防城港市,7,11.23234916559692
澄迈县,9,43.34675477295932
玉林市,17,13.256394260761073
河池市,4,1.1948858883976579
崇左市,5,2.8848372951765517
重庆市,854,103.76670716889429
东方市,1,4.400207689802959
文昌市,1,4.0663961157784305
钦州市,8,7.35361706039158
海口市,281,1219.1735651932454
三亚市,32,166.7031329770054
儋州市,3,8.839127872716558
西藏自治区,1,0.008316914358237778
海西蒙古族藏族自治州,4,0.132954855178924
拉萨市,23,7.761352581037801
酒泉市,10,0.5208333333333334
临高县,1,7.444187206419866
琼海市,1,5.847474475773912
遵义市,20,6.500471284168102
定西市,6,3.0598194706512314
五指山市,1,8.843218577833587
黔西南布依族苗族自治州,6,3.5701535166012137
嘉峪关市,2,16.33986928104575
和田地区,6,0.24101612397869418
平凉市,7,6.266225046996688
天水市,18,12.607690691321707
陵水黎族自治县,1,9.026248330144059
阿勒泰地区,5,0.423728813559322
金昌市,9,11.922108888594515
武威市,9,2.7819257664746417
张掖市,10,2.735828408842197
六盘水市,4,4.03469840629413
白银市,5,2.4876859545251007
山南市,2,0.2523531935296641
黔东南苗族侗族自治州,3,0.9906875371507826
来宾市,5,3.7363622776864442
黔南布依族苗族自治州,2,0.7635044855888529
西宁市,87,114.36834494544497
庆阳市,13,4.794040638713722
陇南市,8,2.8736664391680735
昌都市,1,0.09106058260560751
临夏回族自治州,1,1.364070386031919
林芝市,3,0.2626625224357571
兰州市,353,267.5864160097028
日喀则市,2,0.1115822361080116
贵阳市,220,273.52977744622655
毕节市,4,1.4898134008715407
博尔塔拉蒙古自治州,5,0.1838235294117647
吐鲁番市,3,0.4300520362963918
攀枝花市,8,10.79476453919849
自贡市,21,48.032936870997254
安顺市,1,1.083658430862592
克拉玛依市,16,20.69054700633648
银川市,113,125.20248454912702
喀什地区,5,0.44884109229968217
内江市,16,29.712163416898793
塔城地区,3,0.3161524166585345
丽江市,8,3.8919970810021893
昌吉回族自治州,14,1.9006139118693473
遂宁市,11,20.66892145809846
乐山市,7,5.50314465408805
石河子市,5,802.5682182985554
昆明市,374,177.98505686955693
中卫市,5,2.8667094761948446
固原市,7,6.652095410054167
德宏傣族景颇族自治州,5,4.475474400286431
成都市,1173,818.2769445413325
巴中市,5,4.06603236561763
甘南藏族自治州,1,0.2732688418866481
海东市,3,2.310892004313665
达州市,7,4.219918013021461
昭通市,6,2.673915949908641
哈密市,5,0.364373059713457
红河哈尼族彝族自治州,18,5.594579474109529
雅安市,2,1.3292569453675394
海南藏族自治州,1,0.02247191011235955
眉山市,21,29.411764705882348
泸州市,25,20.443208766047917
普洱市,7,1.5813491167035647
玉溪市,5,3.3462722527104805
阿克苏地区,13,1.0170791052833348
五家渠市,1,13.477088948787062
保山市,3,1.5738117721120553
西双版纳傣族自治州,5,2.6183493925429406
宜宾市,29,21.852158842589102
吴忠市,7,4.177109440267334
楚雄彝族自治州,14,4.922817257990787
绵阳市,87,42.94811670039986
德阳市,33,55.82811706986973
文山壮族苗族自治州,5,1.5895218718209563
临沧市,5,2.1167605097159305
石嘴山市,7,17.18213058419244
大理白族自治州,5,1.7666596000282666
铜仁市,3,1.6653713778172532
巴音郭楞蒙古自治州,47,0.9967636991385417
海北藏族自治州,1,0.29078220412910727
广安市,9,14.19782300047326
曲靖市,16,5.536332179930795
伊犁哈萨克自治州,14,0.5020585296247704
凉山彝族自治州,14,2.323227294601815
广元市,13,7.9661743979410495
乌鲁木齐市,266,187.10916342508247
资阳市,12,20.88045937010614
南充市,27,21.631148854350265
延安市,20,5.40088034349599
咸阳市,39,38.2690609361201
克孜勒苏柯尔克孜自治州,1,0.13799194127062978
商洛市,3,1.531628120692296
阿坝藏族羌族自治州,2,0.24095804920363365
迪庆藏族自治州,2,0.8625894936599672
渭南市,18,13.81321464200752
安康市,16,6.798096532970768
榆林市,51,11.882572227399814
宝鸡市,47,25.9424849588784
汉中市,19,7.011846329852013
铜川市,6,15.444015444015443
西安市,1459,1439.565860878145
